-- SupplySight Sample Data
-- This file contains sample data for testing and development

-- Sample Warehouses Data (must come first since products reference them)
INSERT INTO warehouses (code, name, city, country) VALUES
    ('BLR-A', 'Bangalore Central', 'Bangalore', 'India'),
    ('PNQ-C', 'Pune West', 'Pune', 'India'),
    ('DEL-B', 'Delhi North', 'Delhi', 'India'),
    ('MUM-D', 'Mumbai South', 'Mumbai', 'India'),
    ('CHN-E', 'Chennai East', 'Chennai', 'India'),
    ('HYD-F', 'Hyderabad Central', 'Hyderabad', 'India'),
    ('KOL-G', 'Kolkata West', 'Kolkata', 'India'),
    ('AHM-H', 'Ahmedabad North', 'Ahmedabad', 'India'),
    ('JAI-I', 'Jaipur Central', 'Jaipur', 'India'),
    ('LKO-J', 'Lucknow East', 'Lucknow', 'India'),
    ('PAT-K', 'Patna South', 'Patna', 'India'),
    ('BHU-L', 'Bhubaneswar West', 'Bhubaneswar', 'India')
ON CONFLICT (code) DO NOTHING;

-- Sample Products Data - Reorganized for alphabetical diversity with mixed statuses
-- Products are named with prefixes to ensure diverse alphabetical ordering and status distribution
INSERT INTO products (id, name, sku, warehouse, stock, demand) VALUES
    ('P-1001', '12mm Hex Bolt', 'HEX-12-100', 'BLR-A', 180, 120),
    ('P-1002', 'Steel Washer', 'WSR-08-500', 'BLR-A', 50, 80),
    ('P-1003', 'M8 Nut', 'NUT-08-200', 'PNQ-C', 80, 80),
    ('P-1004', 'Bearing 608ZZ', 'BRG-608-50', 'DEL-B', 24, 120),
    ('P-1005', 'Aluminum Angle Bracket', 'ANG-AL-001', 'MUM-D', 60, 60),
    ('P-1006', 'Brass Compression Fitting', 'FIT-BR-015', 'CHN-E', 120, 90),
    ('P-1007', 'Carbon Steel Pipe', 'PIPE-CS-025', 'HYD-F', 200, 150),
    ('P-1008', 'Copper Wire 2.5mm', 'WIRE-CU-250', 'KOL-G', 110, 110),
    ('P-1009', 'Dielectric Grease', 'GREASE-DI-100', 'AHM-H', 30, 45),
    ('P-1010', 'Electrical Tape', 'TAPE-EL-001', 'JAI-I', 95, 70),
    ('P-1011', 'Fiber Optic Cable', 'CABLE-FO-100', 'LKO-J', 15, 25),
    ('P-1012', 'Galvanized Steel Sheet', 'SHEET-GS-500', 'PAT-K', 180, 200),
    ('P-1013', 'Heat Shrink Tubing', 'TUBE-HS-010', 'BHU-L', 60, 40),
    ('P-1014', 'Insulated Terminal', 'TERM-IN-020', 'BLR-A', 85, 95),
    ('P-1015', 'Junction Box', 'BOX-JN-050', 'PNQ-C', 40, 35),
    ('P-1016', 'LED Driver Module', 'DRIVER-LED-001', 'DEL-B', 25, 30),
    ('P-1017', 'Motor Mount Bracket', 'BRACKET-MM-001', 'MUM-D', 70, 55),
    ('P-1018', 'Nylon Cable Tie', 'TIE-NY-100', 'CHN-E', 300, 250),
    ('P-1019', 'O-Ring Seal Kit', 'SEAL-OR-025', 'HYD-F', 50, 65),
    ('P-1020', 'PVC Conduit', 'CONDUIT-PVC-020', 'KOL-G', 120, 140),
    ('P-1021', 'Quick Connect Coupling', 'COUPLE-QC-015', 'AHM-H', 35, 50),
    ('P-1022', 'Rubber Gasket', 'GASKET-RB-010', 'JAI-I', 90, 75),
    ('P-1023', 'Stainless Steel Screw', 'SCREW-SS-008', 'LKO-J', 150, 180),
    ('P-1024', 'Thermal Paste', 'PASTE-TH-100', 'PAT-K', 20, 15),
    ('P-1025', 'U-Bolt Clamp', 'CLAMP-UB-020', 'BHU-L', 65, 80),
    ('P-1026', 'Vibration Isolator', 'ISO-VB-005', 'BLR-A', 30, 25),
    ('P-1027', 'Wire Connector', 'CONN-WC-030', 'PNQ-C', 110, 95),
    ('P-1028', 'XLR Audio Cable', 'CABLE-XLR-010', 'DEL-B', 45, 60),
    ('P-1029', 'Y-Strainer Filter', 'FILTER-YS-015', 'MUM-D', 15, 20),
    ('P-1030', 'Zinc Plated Washer', 'WSR-ZN-012', 'CHN-E', 200, 220),
    ('P-1031', 'AC Power Adapter', 'ADAPTER-AC-001', 'HYD-F', 25, 35),
    ('P-1032', 'Ball Bearing 6205', 'BRG-6205-020', 'KOL-G', 40, 30),
    ('P-1033', 'Circuit Breaker 32A', 'BREAKER-CB-032', 'AHM-H', 18, 22),
    ('P-1034', 'Digital Multimeter', 'METER-DM-001', 'JAI-I', 12, 8),
    ('P-1035', 'Emergency Light', 'LIGHT-EM-001', 'LKO-J', 35, 45),
    ('P-1036', 'Flux Core Wire', 'WIRE-FC-030', 'PAT-K', 80, 70),
    ('P-1037', 'Grounding Rod', 'ROD-GR-008', 'BHU-L', 55, 40),
    ('P-1038', 'Hydraulic Hose', 'HOSE-HY-025', 'BLR-A', 22, 18),
    ('P-1039', 'Industrial Fan', 'FAN-IN-050', 'PNQ-C', 8, 12),
    ('P-1040', 'Junction Box Cover', 'COVER-JB-001', 'DEL-B', 75, 60),
    ('P-1041', 'Key Lock Switch', 'SWITCH-KL-001', 'MUM-D', 28, 35),
    ('P-1042', 'Limit Switch', 'SWITCH-LM-001', 'CHN-E', 42, 38),
    ('P-1043', 'Motor Capacitor', 'CAP-MC-100', 'HYD-F', 16, 14),
    ('P-1044', 'Neon Indicator', 'IND-NE-001', 'KOL-G', 65, 55),
    ('P-1045', 'Oil Filter', 'FILTER-OIL-001', 'AHM-H', 95, 110),
    ('P-1046', 'Pressure Gauge', 'GAUGE-PR-015', 'JAI-I', 32, 28),
    ('P-1047', 'Quick Release Valve', 'VALVE-QR-010', 'LKO-J', 48, 42),
    ('P-1048', 'Relay Module', 'RELAY-RM-001', 'PAT-K', 38, 45),
    ('P-1049', 'Safety Glasses', 'SAFETY-SG-001', 'BHU-L', 120, 100),
    ('P-1050', 'Temperature Sensor', 'SENSOR-TEMP-001', 'BLR-A', 15, 20)
ON CONFLICT (id) DO NOTHING;

-- Sample KPI Data - Comprehensive dataset for testing different time periods
-- December 2023 data (for 30+ day lookbacks)
INSERT INTO kpis (date, stock, demand) VALUES
    ('2023-12-01', 450, 380),
    ('2023-12-02', 445, 375),
    ('2023-12-03', 440, 370),
    ('2023-12-04', 435, 365),
    ('2023-12-05', 430, 360),
    ('2023-12-06', 425, 355),
    ('2023-12-07', 420, 350),
    ('2023-12-08', 415, 345),
    ('2023-12-09', 410, 340),
    ('2023-12-10', 405, 335),
    ('2023-12-11', 400, 330),
    ('2023-12-12', 395, 325),
    ('2023-12-13', 390, 320),
    ('2023-12-14', 385, 315),
    ('2023-12-15', 380, 310),
    ('2023-12-16', 375, 305),
    ('2023-12-17', 370, 300),
    ('2023-12-18', 365, 295),
    ('2023-12-19', 360, 290),
    ('2023-12-20', 355, 285),
    ('2023-12-21', 350, 280),
    ('2023-12-22', 345, 275),
    ('2023-12-23', 340, 270),
    ('2023-12-24', 335, 265),
    ('2023-12-25', 330, 260),
    ('2023-12-26', 325, 255),
    ('2023-12-27', 320, 250),
    ('2023-12-28', 315, 245),
    ('2023-12-29', 310, 240),
    ('2023-12-30', 305, 235),
    ('2023-12-31', 300, 230)
ON CONFLICT (date) DO NOTHING;

-- January 2024 data (current month for 7-30 day lookbacks)
INSERT INTO kpis (date, stock, demand) VALUES
    ('2024-01-01', 334, 400),
    ('2024-01-02', 320, 380),
    ('2024-01-03', 310, 360),
    ('2024-01-04', 305, 350),
    ('2024-01-05', 300, 340),
    ('2024-01-06', 295, 330),
    ('2024-01-07', 290, 320),
    ('2024-01-08', 285, 310),
    ('2024-01-09', 280, 300),
    ('2024-01-10', 275, 290),
    ('2024-01-11', 270, 280),
    ('2024-01-12', 265, 270),
    ('2024-01-13', 260, 260),
    ('2024-01-14', 255, 250),
    ('2024-01-15', 250, 240),
    ('2024-01-16', 245, 230),
    ('2024-01-17', 240, 220),
    ('2024-01-18', 235, 210),
    ('2024-01-19', 230, 200),
    ('2024-01-20', 225, 190),
    ('2024-01-21', 220, 180),
    ('2024-01-22', 215, 170),
    ('2024-01-23', 210, 160),
    ('2024-01-24', 205, 150),
    ('2024-01-25', 200, 140),
    ('2024-01-26', 195, 130),
    ('2024-01-27', 190, 120),
    ('2024-01-28', 185, 110),
    ('2024-01-29', 180, 100),
    ('2024-01-30', 175, 90),
    ('2024-01-31', 170, 80)
ON CONFLICT (date) DO NOTHING;

-- February 2024 data (for future testing and trend analysis)
INSERT INTO kpis (date, stock, demand) VALUES
    ('2024-02-01', 165, 75),
    ('2024-02-02', 160, 70),
    ('2024-02-03', 155, 65),
    ('2024-02-04', 150, 60),
    ('2024-02-05', 145, 55),
    ('2024-02-06', 140, 50),
    ('2024-02-07', 135, 45),
    ('2024-02-08', 130, 40),
    ('2024-02-09', 125, 35),
    ('2024-02-10', 120, 30),
    ('2024-02-11', 115, 25),
    ('2024-02-12', 110, 20),
    ('2024-02-13', 105, 15),
    ('2024-02-14', 100, 10),
    ('2024-02-15', 95, 5),
    ('2024-02-16', 90, 0),
    ('2024-02-17', 85, 5),
    ('2024-02-18', 80, 10),
    ('2024-02-19', 75, 15),
    ('2024-02-20', 70, 20),
    ('2024-02-21', 65, 25),
    ('2024-02-22', 60, 30),
    ('2024-02-23', 55, 35),
    ('2024-02-24', 50, 40),
    ('2024-02-25', 45, 45),
    ('2024-02-26', 40, 50),
    ('2024-02-27', 35, 55),
    ('2024-02-28', 30, 60),
    ('2024-02-29', 25, 65)
ON CONFLICT (date) DO NOTHING;
